{"rollout/ep_rew_mean":359.91483,"time/fps":4816,"rollout/ep_len_mean":74.2,"_step":392,"_runtime":107,"train/loss":216.773,"train/clip_range":0.2,"train/value_loss":357.80576,"train/explained_variance":0.91825044,"train/entropy_loss":-22.696175,"train/learning_rate":0.0003,"global_step":507904,"train/approx_kl":0.016333789,"_timestamp":1.762771727323213e+09,"train/std":0.9215416,"train/clip_fraction":0.15770264,"_wandb":{"runtime":107},"train/policy_gradient_loss":-0.021144547}