{"_runtime":526,"rollout/ep_len_mean":298.18,"train/ent_coef":0.026028562,"_wandb":{"runtime":526},"time/fps":949,"_step":10847,"rollout/ep_rew_mean":1483.5867,"train/actor_loss":-237.02213,"_timestamp":1.762793313120296e+09,"train/learning_rate":0.0003,"train/critic_loss":73.220634,"train/ent_coef_loss":1.7275839,"global_step":499784}