{"global_step":1015808,"train/std":0.8814844,"train/loss":144.96968,"train/approx_kl":0.030040788,"train/explained_variance":0.93510616,"train/clip_fraction":0.24553832,"time/fps":4762,"train/clip_range":0.2,"_timestamp":1.762791897625331e+09,"rollout/ep_rew_mean":392.80368,"train/entropy_loss":-21.875393,"_step":795,"train/value_loss":315.18658,"rollout/ep_len_mean":80.46,"train/learning_rate":0.0003,"train/policy_gradient_loss":-0.021058686,"_wandb":{"runtime":215},"_runtime":215}