{"train/approx_kl":0.051330034,"train/learning_rate":0.0003,"time/fps":2359,"rollout/ep_len_mean":81.99,"train/value_loss":277.83365,"global_step":501760,"_runtime":213,"train/explained_variance":0.9203008,"train/entropy_loss":-20.565062,"rollout/ep_rew_mean":401.8143,"train/policy_gradient_loss":-0.057859782,"_wandb":{"runtime":213},"train/std":0.8193306,"_step":3174,"train/clip_range":0.2,"train/loss":149.79813,"_timestamp":1.762600680820244e+09,"train/clip_fraction":0.30273438}