{"train/clip_fraction":0.4022461,"_step":6346,"train/value_loss":233.14423,"train/loss":69.71696,"train/learning_rate":0.0003,"rollout/ep_len_mean":94.15,"train/explained_variance":0.93143183,"train/entropy_loss":-17.534756,"train/clip_range":0.2,"train/policy_gradient_loss":-0.058301676,"time/fps":2291,"train/std":0.6947074,"_wandb":{"runtime":437},"_timestamp":1.7626811155881338e+09,"_runtime":437,"global_step":1001472,"train/approx_kl":0.10894103,"rollout/ep_rew_mean":453.4226}