{"train/clip_range":0.2,"train/entropy_loss":-20.565062,"_step":3174,"rollout/ep_rew_mean":401.8143,"time/fps":2391,"train/learning_rate":0.0003,"train/explained_variance":0.9203008,"train/value_loss":277.83365,"train/clip_fraction":0.30273438,"_runtime":210,"rollout/ep_len_mean":81.99,"global_step":501760,"_wandb":{"runtime":210},"train/approx_kl":0.051330034,"train/policy_gradient_loss":-0.057859782,"_timestamp":1.7627710841974132e+09,"train/loss":149.79813,"train/std":0.8193306}